{"name":"CapturingModel","identifier":"X6PKUJPUCX","description":"Helps to get all the information to create model schemas","parentIntentSignature":null,"sampleUtterances":[{"utterance":"help me build a schema for the api"},{"utterance":"another model please"},{"utterance":"one more model"},{"utterance":"model"}],"intentConfirmationSetting":{"isActive":true,"declinationNextStep":{"dialogAction":{"type":"EndConversation","slotToElicit":null,"suppressNextMessage":null},"sessionAttributes":null,"intent":{"name":null,"slots":null}},"confirmationNextStep":{"dialogAction":{"type":"FulfillIntent","slotToElicit":null,"suppressNextMessage":null},"sessionAttributes":null,"intent":{"name":null,"slots":null}},"confirmationResponse":{"messageGroupsList":[{"message":{"ssmlMessage":null,"customPayload":null,"plainTextMessage":{"value":"I have completed creating the model {ModelName}."},"imageResponseCard":null},"variations":null}],"allowInterrupt":true},"declinationResponse":null,"failureNextStep":{"dialogAction":{"type":"StartIntent","slotToElicit":null,"suppressNextMessage":null},"sessionAttributes":null,"intent":{"name":"FallbackIntent","slots":null}},"elicitationCodeHook":{"enableCodeHookInvocation":true,"invocationLabel":null},"promptSpecification":{"messageGroupsList":[{"message":{"ssmlMessage":null,"customPayload":null,"plainTextMessage":{"value":"Can I create a model named {ModelName} with properties: {ModelProperties}"},"imageResponseCard":null},"variations":null}],"maxRetries":4,"allowInterrupt":true,"messageSelectionStrategy":"Random","promptAttemptsSpecification":{"Retry2":{"allowedInputTypes":{"allowAudioInput":true,"allowDTMFInput":true},"audioAndDTMFInputSpecification":{"dtmfSpecification":{"maxLength":513,"deletionCharacter":"*","endCharacter":"#","endTimeoutMs":5000},"startTimeoutMs":4000,"audioSpecification":{"maxLengthMs":15000,"endTimeoutMs":640}},"allowInterrupt":true,"textInputSpecification":{"startTimeoutMs":30000}},"Retry3":{"allowedInputTypes":{"allowAudioInput":true,"allowDTMFInput":true},"audioAndDTMFInputSpecification":{"dtmfSpecification":{"maxLength":513,"deletionCharacter":"*","endCharacter":"#","endTimeoutMs":5000},"startTimeoutMs":4000,"audioSpecification":{"maxLengthMs":15000,"endTimeoutMs":640}},"allowInterrupt":true,"textInputSpecification":{"startTimeoutMs":30000}},"Retry1":{"allowedInputTypes":{"allowAudioInput":true,"allowDTMFInput":true},"audioAndDTMFInputSpecification":{"dtmfSpecification":{"maxLength":513,"deletionCharacter":"*","endCharacter":"#","endTimeoutMs":5000},"startTimeoutMs":4000,"audioSpecification":{"maxLengthMs":15000,"endTimeoutMs":640}},"allowInterrupt":true,"textInputSpecification":{"startTimeoutMs":30000}},"Retry4":{"allowedInputTypes":{"allowAudioInput":true,"allowDTMFInput":true},"audioAndDTMFInputSpecification":{"dtmfSpecification":{"maxLength":513,"deletionCharacter":"*","endCharacter":"#","endTimeoutMs":5000},"startTimeoutMs":4000,"audioSpecification":{"maxLengthMs":15000,"endTimeoutMs":640}},"allowInterrupt":true,"textInputSpecification":{"startTimeoutMs":30000}},"Initial":{"allowedInputTypes":{"allowAudioInput":true,"allowDTMFInput":true},"audioAndDTMFInputSpecification":{"dtmfSpecification":{"maxLength":513,"deletionCharacter":"*","endCharacter":"#","endTimeoutMs":5000},"startTimeoutMs":4000,"audioSpecification":{"maxLengthMs":15000,"endTimeoutMs":640}},"allowInterrupt":true,"textInputSpecification":{"startTimeoutMs":30000}}}}},"intentClosingSetting":null,"initialResponseSetting":{"initialResponse":null,"conditional":null,"codeHook":null,"nextStep":{"dialogAction":{"type":"ElicitSlot","slotToElicit":"ModelName","suppressNextMessage":null},"sessionAttributes":null,"intent":{"name":null,"slots":null}}},"inputContexts":null,"outputContexts":null,"kendraConfiguration":null,"dialogCodeHook":{"enabled":false},"fulfillmentCodeHook":{"isActive":true,"fulfillmentUpdatesSpecification":null,"postFulfillmentStatusSpecification":{"timeoutNextStep":{"dialogAction":{"type":"EndConversation","slotToElicit":null,"suppressNextMessage":null},"sessionAttributes":null,"intent":{"name":null,"slots":null}},"successNextStep":{"dialogAction":{"type":"EndConversation","slotToElicit":null,"suppressNextMessage":null},"sessionAttributes":null,"intent":{"name":null,"slots":null}},"successResponse":{"messageGroupsList":[{"message":{"ssmlMessage":null,"customPayload":null,"plainTextMessage":{"value":"I have completed creating the model {ModelName}."},"imageResponseCard":null},"variations":null}],"allowInterrupt":true},"failureResponse":null,"failureNextStep":{"dialogAction":{"type":"EndConversation","slotToElicit":null,"suppressNextMessage":null},"sessionAttributes":null,"intent":{"name":null,"slots":null}},"timeoutResponse":null},"enabled":true},"slotPriorities":[{"priority":2,"slotName":"ModelProperties"},{"priority":1,"slotName":"ModelName"}]}